{
  "n_seeds": {
    "pretrained": 5,
    "scratch": 5
  },
  "regression": {
    "pretrained": {
      "train_mae": [
        1.5684011936187745,
        0.24677824102677917
      ],
      "train_median": [
        1.3303080081939698,
        0.09151569858705944
      ],
      "test_mae": [
        4.386662006378174,
        0.13842262635750494
      ],
      "test_median": [
        1.9061560034751892,
        0.03034168025107675
      ]
    },
    "scratch": {
      "train_mae": [
        1.7098207473754883,
        0.10355709590382212
      ],
      "train_median": [
        1.5492834329605103,
        0.09533880417141041
      ],
      "test_mae": [
        7.4456862449646,
        0.17071988230895355
      ],
      "test_median": [
        3.194391369819641,
        0.0686261385322607
      ]
    }
  },
  "content_style": {
    "pretrained": {
      "content": [
        0.8172753455955304,
        0.053643821408541244
      ],
      "style": [
        0.18272465440446956,
        0.053643821408541244
      ]
    },
    "scratch": {
      "content": [
        0.7977520738412162,
        0.044366771399107593
      ],
      "style": [
        0.2022479261587838,
        0.044366771399107593
      ]
    }
  },
  "cv_hist": {
    "variant": "pretrained",
    "seed": 0,
    "bin_centers": [
      0.004284055294907577,
      0.012852165884722731,
      0.021420276474537883,
      0.02998838706435304,
      0.038556497654168194,
      0.047124608243983346,
      0.0556927188337985,
      0.06426082942361365,
      0.07282894001342881,
      0.08139705060324395,
      0.08996516119305911,
      0.09853327178287427,
      0.10710138237268942,
      0.11566949296250457,
      0.12423760355231973,
      0.13280571414213488,
      0.14137382473195004,
      0.1499419353217652,
      0.15851004591158036,
      0.1670781565013955,
      0.17564626709121064,
      0.1842143776810258,
      0.19278248827084096,
      0.20135059886065612,
      0.20991870945047125,
      0.2184868200402864,
      0.22705493063010157,
      0.23562304121991673,
      0.2441911518097319,
      0.25275926239954705,
      0.2613273729893622,
      0.26989548357917736,
      0.27846359416899247,
      0.2870317047588076,
      0.2955998153486228,
      0.30416792593843794,
      0.3127360365282531,
      0.32130414711806826,
      0.3298722577078834,
      0.3384403682976986
    ],
    "bin_counts": [
      1,
      3,
      12,
      13,
      22,
      25,
      27,
      29,
      21,
      21,
      23,
      27,
      18,
      21,
      21,
      19,
      20,
      20,
      23,
      17,
      18,
      16,
      10,
      13,
      11,
      9,
      6,
      4,
      2,
      6,
      8,
      1,
      3,
      2,
      3,
      4,
      3,
      3,
      1,
      6
    ],
    "median_cv": 0.11574948612462893,
    "bin_width": 0.008568110589815154
  },
  "ims_sweep": {
    "seeds": [
      {
        "seed": 0,
        "nz": [
          502.0,
          495.0,
          470.0,
          405.0,
          270.0,
          117.0,
          57.0,
          31.0,
          10.0
        ],
        "auroc": [
          0.9966192553935173,
          0.9966087688643145,
          0.9965077540562112,
          0.996226037664497,
          0.9952405060575162,
          0.9929975326138454,
          0.9878673470128291,
          0.9695387378600799,
          0.9019316453022164
        ],
        "content_frac": [
          49.00398406374502,
          49.292929292929294,
          50.212765957446805,
          51.85185185185185,
          56.666666666666664,
          66.66666666666666,
          71.9298245614035,
          83.87096774193549,
          100.0
        ]
      },
      {
        "seed": 1,
        "nz": [
          508.0,
          507.0,
          492.0,
          436.0,
          368.0,
          229.0,
          81.0,
          37.0,
          8.0
        ],
        "auroc": [
          0.9966980812173213,
          0.9966566254196765,
          0.9963139790522494,
          0.9956215863710811,
          0.9942183066347001,
          0.9903731581401858,
          0.981446799942027,
          0.9631868966940801,
          0.7508343706527466
        ],
        "content_frac": [
          49.40944881889764,
          49.5069033530572,
          49.796747967479675,
          52.06422018348624,
          53.2608695652174,
          54.14847161572053,
          66.66666666666666,
          83.78378378378379,
          100.0
        ]
      },
      {
        "seed": 2,
        "nz": [
          509.0,
          509.0,
          488.0,
          428.0,
          327.0,
          213.0,
          70.0,
          27.0,
          9.0
        ],
        "auroc": [
          0.9956578984733854,
          0.9956396716670335,
          0.9952427591706916,
          0.994505897261749,
          0.9926204556731169,
          0.98740505495355,
          0.9762793078369055,
          0.9572742114305592,
          0.805593238421812
        ],
        "content_frac": [
          48.722986247544206,
          48.722986247544206,
          49.18032786885246,
          50.23364485981309,
          55.65749235474006,
          61.502347417840376,
          72.85714285714285,
          85.18518518518519,
          77.77777777777779
        ]
      },
      {
        "seed": 3,
        "nz": [
          505.0,
          495.0,
          476.0,
          423.0,
          308.0,
          132.0,
          55.0,
          34.0,
          11.0
        ],
        "auroc": [
          0.9965935899790279,
          0.9965581661664636,
          0.9964602169828571,
          0.9960144094110416,
          0.9950353810180349,
          0.9920801377455322,
          0.9865874106067641,
          0.9746986565042084,
          0.8342410654488882
        ],
        "content_frac": [
          49.9009900990099,
          49.696969696969695,
          50.0,
          49.645390070921984,
          50.324675324675326,
          60.60606060606061,
          65.45454545454545,
          64.70588235294117,
          54.54545454545454
        ]
      },
      {
        "seed": 4,
        "nz": [
          506.0,
          501.0,
          488.0,
          441.0,
          376.0,
          266.0,
          98.0,
          42.0,
          6.0
        ],
        "auroc": [
          0.9962576076045044,
          0.9961966118797664,
          0.9959849312753892,
          0.9953259338991717,
          0.9940198010699277,
          0.9899466404745937,
          0.9770405032121654,
          0.9421541631149919,
          0.6992107157163008
        ],
        "content_frac": [
          50.988142292490124,
          50.898203592814376,
          51.02459016393443,
          52.60770975056689,
          53.45744680851063,
          55.26315789473685,
          65.3061224489796,
          73.80952380952381,
          83.33333333333334
        ]
      }
    ],
    "mean": {
      "nz": [
        506.0,
        501.4,
        482.8,
        426.6,
        329.8,
        191.4,
        72.2,
        34.2,
        8.8
      ],
      "auroc": [
        0.9963652865335513,
        0.996331968799451,
        0.9961019281074798,
        0.9955387729215082,
        0.9942268900906592,
        0.9905605047855414,
        0.9818442737221382,
        0.9613705331207839,
        0.7983622071083928
      ],
      "content_frac": [
        49.60511030433738,
        49.62359843666295,
        50.04288639154267,
        51.28056334332801,
        53.87343014396201,
        59.637340840205,
        68.44286039774761,
        78.27106857467389,
        83.13131313131314
      ]
    }
  }
}
